{
  "batch_runtime_sec": 630.0234169960022,
  "per_case_mean_sec": 26.25097570816676,
  "per_case_max_sec": 165.78366899490356,
  "by_size": {
    "16": 0.543529748916626,
    "32": 2.0493282477060952,
    "64": 11.29666554927826,
    "128": 91.05169876416524
  },
  "by_jmax": {
    "2": 6.866102039813995,
    "3": 45.604509115219116
  }
}