{
  "batch_runtime_sec": 707.9183225631714,
  "per_case_mean_sec": 29.496596773465473,
  "per_case_max_sec": 183.62880325317383,
  "by_size": {
    "16": 0.7530819972356161,
    "32": 2.646939277648926,
    "64": 13.095471302668253,
    "128": 101.27700157960255
  },
  "by_jmax": {
    "2": 8.115297774473825,
    "3": 50.77094930410385
  }
}