{
  "batch_runtime_sec": 624.466986656189,
  "per_case_mean_sec": 26.019457777341206,
  "per_case_max_sec": 165.51350140571594,
  "by_size": {
    "16": 0.5495853424072266,
    "32": 2.041374166806539,
    "64": 11.270480195681253,
    "128": 90.14923799037933
  },
  "by_jmax": {
    "2": 6.9239858984947205,
    "3": 45.081352949142456
  }
}