{
  "batch_runtime_sec": 705.3051161766052,
  "per_case_mean_sec": 29.38771317402522,
  "per_case_max_sec": 189.33852815628052,
  "by_size": {
    "16": 0.7263998985290527,
    "32": 2.6565290689468384,
    "64": 13.713858087857565,
    "128": 100.25557895501454
  },
  "by_jmax": {
    "2": 8.190258264541626,
    "3": 50.48592474063238
  }
}