{
  "spectral_circle": {
    "n_cases": 72,
    "mean_ipr": -2.756735524347234e+298,
    "std_ipr": Infinity,
    "mean_r_stat": 0.6137882126434792,
    "std_r_stat": 0.27926698561678925,
    "mean_runtime_sec": 26.616769863499535,
    "by_disorder": {
      "0": {
        "n_cases": 24,
        "mean_ipr": -15.711768671804776,
        "std_ipr": 17.47863006914103,
        "mean_r_stat": 0.9999999999999645,
        "std_r_stat": 3.881416545151359e-14
      },
      "12": {
        "n_cases": 24,
        "mean_ipr": -8.270206573041701e+298,
        "std_ipr": Infinity,
        "mean_r_stat": 0.3995186001694961,
        "std_r_stat": 0.055861338214100734
      },
      "20": {
        "n_cases": 24,
        "mean_ipr": -61.63692995176032,
        "std_ipr": 56.7454492372937,
        "mean_r_stat": 0.44184603776097675,
        "std_r_stat": 0.07883232606758972
      }
    }
  },
  "ring": {
    "n_cases": 72,
    "mean_ipr": -1.236163307561512e+255,
    "std_ipr": Infinity,
    "mean_r_stat": 0.43609418018474355,
    "std_r_stat": 0.07641372963310554,
    "mean_runtime_sec": 27.435015943315292,
    "by_disorder": {
      "0": {
        "n_cases": 24,
        "mean_ipr": -3.708489922684536e+255,
        "std_ipr": Infinity,
        "mean_r_stat": 0.4382280590006125,
        "std_r_stat": 0.07296950941929752
      },
      "12": {
        "n_cases": 24,
        "mean_ipr": -121.29371295976739,
        "std_ipr": 104.48359059846644,
        "mean_r_stat": 0.4418444555146391,
        "std_r_stat": 0.08496155464777706
      },
      "20": {
        "n_cases": 24,
        "mean_ipr": -164.12207090535293,
        "std_ipr": 142.0997850894872,
        "mean_r_stat": 0.42821002603897895,
        "std_r_stat": 0.06981676134352911
      }
    }
  },
  "wilson_ring": {
    "n_cases": 72,
    "mean_ipr": -41.25748450441841,
    "std_ipr": 45.294300854421934,
    "mean_r_stat": 0.4143105304809491,
    "std_r_stat": 0.08725034002843182,
    "mean_runtime_sec": 26.022148503197563,
    "by_disorder": {
      "0": {
        "n_cases": 24,
        "mean_ipr": -23.62114912468026,
        "std_ipr": 24.282928579135017,
        "mean_r_stat": 0.3779460660635951,
        "std_r_stat": 0.07479754157011576
      },
      "12": {
        "n_cases": 24,
        "mean_ipr": -43.230725521935064,
        "std_ipr": 43.28801548732644,
        "mean_r_stat": 0.42503985686466156,
        "std_r_stat": 0.08939232444453067
      },
      "20": {
        "n_cases": 24,
        "mean_ipr": -56.920578866639886,
        "std_ipr": 55.95481778830675,
        "mean_r_stat": 0.43994566851459077,
        "std_r_stat": 0.0846023202500286
      }
    }
  }
}