{
  "overall": {
    "mean": 0.4880643077697239,
    "median": 0.4339292399325322,
    "std": 0.19611964311721614,
    "min": 0.2284848354901073,
    "max": 0.9999999999999976,
    "q25": 0.3847113537266543,
    "q75": 0.5043012814900397
  },
  "by_disorder": {
    "0": {
      "mean": 0.6053913750213907,
      "median": 0.47524910807103726,
      "std": 0.2865368686151205,
      "min": 0.2550818492616299,
      "max": 0.9999999999999976
    },
    "12": {
      "mean": 0.42213430418293224,
      "median": 0.4228338596967225,
      "std": 0.08007984539354464,
      "min": 0.23920704533483814,
      "max": 0.6885939264075508
    },
    "20": {
      "mean": 0.4366672441048488,
      "median": 0.4387354281891971,
      "std": 0.07822097096723553,
      "min": 0.2284848354901073,
      "max": 0.6144610212124586
    }
  },
  "by_family": {
    "spectral_circle": {
      "mean": 0.6137882126434792,
      "median": 0.46456108851470146,
      "std": 0.27926698561678925
    },
    "ring": {
      "mean": 0.43609418018474355,
      "median": 0.44586167060124493,
      "std": 0.07641372963310554
    },
    "wilson_ring": {
      "mean": 0.4143105304809491,
      "median": 0.42281428257810205,
      "std": 0.08725034002843182
    }
  }
}