{
  "16": {
    "n_cases": 54,
    "mean_ipr": -7.297917503593282,
    "std_ipr": 10.147388799705368,
    "mean_r_stat": 0.49766118879895227,
    "std_r_stat": 0.20306200708976976,
    "by_disorder": {
      "0": {
        "n_cases": 18,
        "mean_ipr": -1.2553852436465371,
        "std_ipr": 3.393834717314116,
        "mean_r_stat": 0.5939382018331525,
        "std_r_stat": 0.29110738235772854
      },
      "12": {
        "n_cases": 18,
        "mean_ipr": -8.326129216266462,
        "std_ipr": 9.724473281367654,
        "mean_r_stat": 0.4360552920185896,
        "std_r_stat": 0.12120112574444808
      },
      "20": {
        "n_cases": 18,
        "mean_ipr": -12.312238050866842,
        "std_ipr": 11.836898989147988,
        "mean_r_stat": 0.4629900725451146,
        "std_r_stat": 0.10001339493237633
      }
    }
  },
  "32": {
    "n_cases": 54,
    "mean_ipr": -26.538653220194355,
    "std_ipr": 24.577939515834203,
    "mean_r_stat": 0.49316130553882165,
    "std_r_stat": 0.19138092858281422,
    "by_disorder": {
      "0": {
        "n_cases": 18,
        "mean_ipr": -10.50836993163722,
        "std_ipr": 7.051964654189363,
        "mean_r_stat": 0.6236328485854392,
        "std_r_stat": 0.270424466122716
      },
      "12": {
        "n_cases": 18,
        "mean_ipr": -29.285404205957313,
        "std_ipr": 22.22994171049736,
        "mean_r_stat": 0.40844771230426646,
        "std_r_stat": 0.07362699359446086
      },
      "20": {
        "n_cases": 18,
        "mean_ipr": -39.82218552298852,
        "std_ipr": 28.763830844785037,
        "mean_r_stat": 0.4474033557267594,
        "std_r_stat": 0.07096933857284926
      }
    }
  },
  "64": {
    "n_cases": 54,
    "mean_ipr": -70.15000756647035,
    "std_ipr": 53.8943965126732,
    "mean_r_stat": 0.49654499378994493,
    "std_r_stat": 0.1883868431696183,
    "by_disorder": {
      "0": {
        "n_cases": 18,
        "mean_ipr": -30.652133938376316,
        "std_ipr": 14.346621803133411,
        "mean_r_stat": 0.6486207253335602,
        "std_r_stat": 0.2511566202784546
      },
      "12": {
        "n_cases": 18,
        "mean_ipr": -77.79477959145642,
        "std_ipr": 47.88988042618029,
        "mean_r_stat": 0.4141627050131899,
        "std_r_stat": 0.05964006674186937
      },
      "20": {
        "n_cases": 18,
        "mean_ipr": -102.00310916957834,
        "std_ipr": 59.84485842415301,
        "mean_r_stat": 0.42685155102308503,
        "std_r_stat": 0.07114194946902051
      }
    }
  },
  "128": {
    "n_cases": 54,
    "mean_ipr": -3.6756473657963116e+298,
    "std_ipr": Infinity,
    "mean_r_stat": 0.46488974295117674,
    "std_r_stat": 0.19943458686016982,
    "by_disorder": {
      "0": {
        "n_cases": 18,
        "mean_ipr": -4.944653230246048e+255,
        "std_ipr": Infinity,
        "mean_r_stat": 0.5553737243334113,
        "std_r_stat": 0.3203536979805135
      },
      "12": {
        "n_cases": 18,
        "mean_ipr": -1.1026942097388935e+299,
        "std_ipr": Infinity,
        "mean_r_stat": 0.4298715073956832,
        "std_r_stat": 0.03845795779951144
      },
      "20": {
        "n_cases": 18,
        "mean_ipr": -222.76857355490384,
        "std_ipr": 119.89380999887278,
        "mean_r_stat": 0.40942399712443617,
        "std_r_stat": 0.052219539561773366
      }
    }
  }
}