{
  "batch_runtime_sec": 730.4325995445251,
  "per_case_mean_sec": 30.43469164768855,
  "per_case_max_sec": 188.84048581123352,
  "by_size": {
    "16": 0.7452448606491089,
    "32": 2.6614952087402344,
    "64": 13.098692178726196,
    "128": 104.99825421969096
  },
  "by_jmax": {
    "2": 8.17208864291509,
    "3": 52.57975459098816
  }
}