{
  "spectral_circle": {
    "n_cases": 72,
    "true_ipr_mean": {
      "mean": 0.09323648695390342,
      "std": 0.06327921487240044,
      "min": 0.0078125,
      "max": 0.2520393753647884
    },
    "r_stat": {
      "mean": 0.6120556918519848,
      "std": 0.28049630762777195,
      "min": 0.2284848354901103,
      "max": 0.999999999999999
    }
  },
  "ring": {
    "n_cases": 72,
    "true_ipr_mean": {
      "mean": 0.22928402127908065,
      "std": 0.13937314563212275,
      "min": 0.011413409703504043,
      "max": 0.41321334874231785
    },
    "r_stat": {
      "mean": 0.4424951554689204,
      "std": 0.07718897647215964,
      "min": 0.2392070453348337,
      "max": 0.6885939264075526
    }
  },
  "wilson_ring": {
    "n_cases": 72,
    "true_ipr_mean": {
      "mean": 0.16799996154459437,
      "std": 0.10066176145039683,
      "min": 0.0078125,
      "max": 0.2923691116641209
    },
    "r_stat": {
      "mean": 0.41595956012873453,
      "std": 0.08761439813803569,
      "min": 0.23963939714695753,
      "max": 0.6243416490713003
    }
  }
}