{
  "n_cases": 216,
  "n_failed": 0,
  "true_ipr_mean_availability": 216,
  "r_stat_availability": 216,
  "all_true_ipr_mean": [
    0.0625,
    0.0625,
    0.0625,
    0.0625,
    0.0625,
    0.0625,
    0.03125,
    0.03125,
    0.03125,
    0.03125,
    0.03125,
    0.03125,
    0.015625,
    0.015625,
    0.015625,
    0.015625,
    0.015625,
    0.015625,
    0.0078125,
    0.0078125,
    0.0078125,
    0.0078125,
    0.0078125,
    0.0078125,
    0.16555431363918538,
    0.2010311315491703,
    0.22627798644011515,
    0.15930620226987782,
    0.18069175925449205,
    0.19971607255348106,
    0.16909645637584725,
    0.12699329862839365,
    0.15451909742860856,
    0.16210815118893118,
    0.12551359720943658,
    0.15231601871722963,
    0.10290396258157902,
    0.07964003476920525,
    0.10141378850319763,
    0.10148135824128185,
    0.07878136625675826,
    0.10069769429784735,
    0.07940318183608365,
    0.04622576942814662,
    0.09101903097294833,
    0.07930835575117767,
    0.046279167828336576,
    0.09078817471098144,
    0.15156102937974064,
    0.1818371659126965,
    0.2520393753647884,
    0.1510502294779165,
    0.1626771342978781,
    0.24859431052812447,
    0.17394822300203544,
    0.12853459685190013,
    0.15569961852568423,
    0.17094340463706487,
    0.1203501192998589,
    0.15160765347830127,
    0.10010434762989058,
    0.06689792730321122,
    0.09412603696989588,
    0.09993206990869773,
    0.06690305455108043,
    0.09431194448866531,
    0.06132606567598164,
    0.06077856684635363,
    0.08747197724087785,
    0.06105589134475822,
    0.06063493502908205,
    0.08645041250425013,
    0.08255846609942886,
    0.08255846609942886,
    0.08255846609942886,
    0.0767270247564991,
    0.0767270247564991,
    0.0767270247564991,
    0.04366553982057833,
    0.04366553982057833,
    0.04366553982057833,
    0.043338775511362025,
    0.043338775511362025,
    0.043338775511362025,
    0.02263729784366577,
    0.02263729784366577,
    0.02263729784366577,
    0.02255562590448626,
    0.02255562590448626,
    0.02255562590448626,
    0.011413409703504043,
    0.011413409703504043,
    0.011413409703504043,
    0.011498281476121563,
    0.011498281476121563,
    0.011498281476121563,
    0.32262987518812036,
    0.2850813103364741,
    0.3959916685751924,
    0.32503519355555155,
    0.2950791141010479,
    0.39998527721994803,
    0.3060303845265839,
    0.27457213644978434,
    0.3164061812928354,
    0.30093478558516884,
    0.27960456380380766,
    0.3141457204373426,
    0.3166741221708815,
    0.2979839481205438,
    0.33853699050879704,
    0.31649089250714035,
    0.2982618986097146,
    0.33742257137075876,
    0.3382053553191396,
    0.3280223985445523,
    0.334267247391422,
    0.3380060177649727,
    0.3304590175098473,
    0.33434505649727125,
    0.34835741698005884,
    0.21909023673433164,
    0.41321334874231785,
    0.34367367740101923,
    0.21904716960017154,
    0.4123213921956284,
    0.33011644972865056,
    0.2526286946591678,
    0.38621089788731056,
    0.3275345680884493,
    0.25305492522908374,
    0.38322946744911823,
    0.2956061457394896,
    0.3055869708884048,
    0.3540023347722141,
    0.29614962182235066,
    0.31488352613830156,
    0.35402208248874556,
    0.3290918429211948,
    0.345092171525869,
    0.34201328464542957,
    0.3290736997909433,
    0.34509350297545216,
    0.34200111295626706,
    0.0625,
    0.0625,
    0.0625,
    0.0625,
    0.0625,
    0.0625,
    0.03125,
    0.03125,
    0.03125,
    0.03125,
    0.03125,
    0.03125,
    0.015625,
    0.015625,
    0.015625,
    0.015625,
    0.015625,
    0.015625,
    0.0078125,
    0.0078125,
    0.0078125,
    0.0078125,
    0.0078125,
    0.0078125,
    0.22897308810793543,
    0.22354056205942424,
    0.26598818093702453,
    0.19257082681161475,
    0.21579485797315953,
    0.24219527520072132,
    0.23662628516187845,
    0.19993327514041093,
    0.2373502822314573,
    0.22306616442626573,
    0.18871316484319203,
    0.23051650318312214,
    0.21511550404614552,
    0.2190598733937835,
    0.217207165249046,
    0.21329441201470503,
    0.21792380746110626,
    0.2166341538671656,
    0.2493545596870336,
    0.2397694000754122,
    0.23072613129743672,
    0.24872267839400605,
    0.23969865900255455,
    0.23065156851909796,
    0.2695172861217383,
    0.22481987262945594,
    0.2923691116641209,
    0.23837275805255512,
    0.21496040309293554,
    0.2730243102320008,
    0.25897482161796737,
    0.207301398094314,
    0.26688483274350455,
    0.246108868520861,
    0.20511992244469068,
    0.2641167950681675,
    0.22846580327800203,
    0.24047862240422443,
    0.2354869686652032,
    0.23135283775623988,
    0.24138182884778853,
    0.23550623672032348,
    0.27499820603598857,
    0.2719469128515204,
    0.2499133196243053,
    0.27457561677905906,
    0.27375706636700964,
    0.2500120525151192
  ],