{
  "16": {
    "n_cases": 54,
    "true_ipr_mean": {
      "mean": 0.1920338036434778,
      "std": 0.10662985832473848,
      "min": 0.0625,
      "max": 0.41321334874231785
    },
    "r_stat": {
      "mean": 0.4976611887989527,
      "std": 0.2030620070897708,
      "min": 0.2284848354901103,
      "max": 0.999999999999999
    }
  },
  "32": {
    "n_cases": 54,
    "true_ipr_mean": {
      "mean": 0.1651263753694861,
      "std": 0.10915635112830256,
      "min": 0.03125,
      "max": 0.38621089788731056
    },
    "r_stat": {
      "mean": 0.4931613055388236,
      "std": 0.19138092858281566,
      "min": 0.2843729101438801,
      "max": 0.9999999999999964
    }
  },
  "64": {
    "n_cases": 54,
    "true_ipr_mean": {
      "mean": 0.14718149399234892,
      "std": 0.11986298011639598,
      "min": 0.015625,
      "max": 0.35402208248874556
    },
    "r_stat": {
      "mean": 0.497424591956198,
      "std": 0.18821971720711475,
      "min": 0.30015444255096263,
      "max": 0.9999999999999929
    }
  },
  "128": {
    "n_cases": 54,
    "true_ipr_mean": {
      "mean": 0.1496856200314585,
      "std": 0.13491764775504256,
      "min": 0.0078125,
      "max": 0.34509350297545216
    },
    "r_stat": {
      "mean": 0.4724334569722122,
      "std": 0.19885997159223456,
      "min": 0.2550818492616551,
      "max": 0.9999999999999876
    }
  }
}