{
  "batch_runtime_sec": 679.1362040042877,
  "per_case_mean_sec": 28.29734183351199,
  "per_case_max_sec": 171.1810121536255,
  "by_size": {
    "16": 0.5927797555923462,
    "32": 2.5194003582000732,
    "64": 14.795530120531717,
    "128": 95.213809410731
  },
  "by_jmax": {
    "2": 7.766647517681122,
    "3": 48.79411230484644
  }
}