{
  "batch_runtime_sec": 664.0182745456696,
  "per_case_mean_sec": 27.667428106069565,
  "per_case_max_sec": 180.8507113456726,
  "by_size": {
    "16": 0.7436331907908121,
    "32": 2.6514039436976113,
    "64": 13.091846744219461,
    "128": 93.9598598877589
  },
  "by_jmax": {
    "2": 8.078168670336405,
    "3": 47.14520321289698
  }
}