{
  "batch_runtime_sec": 620.3023326396942,
  "per_case_mean_sec": 25.845930526653927,
  "per_case_max_sec": 165.36894297599792,
  "by_size": {
    "16": 0.5681259234746298,
    "32": 2.0731374422709146,
    "64": 11.344699621200562,
    "128": 89.32791904608409
  },
  "by_jmax": {
    "2": 6.975579063097636,
    "3": 44.68136195341746
  }
}