{
  "batch_runtime_sec": 651.375919342041,
  "per_case_mean_sec": 27.140663305918377,
  "per_case_max_sec": 180.77795004844666,
  "by_size": {
    "16": 0.5562455256779989,
    "32": 2.046370029449463,
    "64": 11.51919968922933,
    "128": 94.36974449952443
  },
  "by_jmax": {
    "2": 6.988992551962535,
    "3": 47.25678731997808
  }
}