{
  "batch_runtime_sec": 679.2658455371857,
  "per_case_mean_sec": 28.302743564049404,
  "per_case_max_sec": 171.56601691246033,
  "by_size": {
    "16": 0.5854620138804117,
    "32": 2.5897748470306396,
    "64": 12.910345435142517,
    "128": 97.05535940329234
  },
  "by_jmax": {
    "2": 7.9955029884974165,
    "3": 48.57496786117554
  }
}