{
  "batch_runtime_sec": 700.7325577735901,
  "per_case_mean_sec": 29.19718990723292,
  "per_case_max_sec": 182.64693117141724,
  "by_size": {
    "16": 0.7414591709772745,
    "32": 2.6340254147847495,
    "64": 13.085335890452066,
    "128": 100.10660819212596
  },
  "by_jmax": {
    "2": 8.11881822347641,
    "3": 50.16489611069361
  }
}