{
  "batch_runtime_sec": 625.588308095932,
  "per_case_mean_sec": 26.066179503997166,
  "per_case_max_sec": 169.22797799110413,
  "by_size": {
    "16": 0.5526456832885742,
    "32": 2.0377591451009116,
    "64": 11.351038614908854,
    "128": 90.26123674710591
  },
  "by_jmax": {
    "2": 6.9598073561986284,
    "3": 45.1415327390035
  }
}