{
  "batch_runtime_sec": 618.1237947940826,
  "per_case_mean_sec": 25.75515811642011,
  "per_case_max_sec": 165.93340063095093,
  "by_size": {
    "16": 0.5950456062952677,
    "32": 2.059777021408081,
    "64": 11.246867696444193,
    "128": 89.05603965123494
  },
  "by_jmax": {
    "2": 6.879785875479381,
    "3": 44.59907911221186
  }
}