{
  "batch_runtime_sec": 835.1751925945282,
  "per_case_mean_sec": 34.79896635810534,
  "per_case_max_sec": 222.92475295066833,
  "by_size": {
    "16": 0.7782407601674398,
    "32": 3.328905979792277,
    "64": 15.549617608388266,
    "128": 119.28810437520345
  },
  "by_jmax": {
    "2": 9.609853068987528,
    "3": 59.862581292788185
  }
}