{
  "batch_runtime_sec": 732.5489473342896,
  "per_case_mean_sec": 30.522872805595398,
  "per_case_max_sec": 185.57946872711182,
  "by_size": {
    "16": 0.7944451173146566,
    "32": 3.3173500696818032,
    "64": 15.20492970943451,
    "128": 102.52119934558868
  },
  "by_jmax": {
    "2": 9.313474158445993,
    "3": 51.605487962563835
  }
}