{
  "batch_runtime_sec": 640.6499342918396,
  "per_case_mean_sec": 26.693747262159985,
  "per_case_max_sec": 170.34344816207886,
  "by_size": {
    "16": 0.5609207153320312,
    "32": 2.0364248752593994,
    "64": 11.4280233780543,
    "128": 92.68162945906322
  },
  "by_jmax": {
    "2": 7.000792741775513,
    "3": 46.35270647207896
  }
}