{
  "batch_runtime_sec": 768.4122433662415,
  "per_case_mean_sec": 32.01717680692673,
  "per_case_max_sec": 214.82845091819763,
  "by_size": {
    "16": 0.7387992938359579,
    "32": 2.665211041768392,
    "64": 13.127166430155436,
    "128": 111.32442283630371
  },
  "by_jmax": {
    "2": 8.119442641735077,
    "3": 55.80835715929667
  }
}