{
  "total_runtime_sec": 1418.4565541744232,
  "per_case_mean_sec": 39.401570949289535,
  "per_case_max_sec": 186.02758169174194,
  "by_family": {
    "spectral_circle": 35.23178519805273,
    "ring": 41.42181374629339,
    "wilson_ring": 41.485242664813995
  },
  "by_size": {
    "16": 0.6331321199735006,
    "64": 15.355953216552734,
    "128": 102.14975627263387
  },
  "estimated_full_216_runtime_sec": 8510.73932504654,
  "failures": 0
}