{
  "batch_runtime_sec": 743.1435544490814,
  "per_case_mean_sec": 30.964314768711727,
  "per_case_max_sec": 192.46189856529236,
  "by_size": {
    "16": 0.7395779689153036,
    "32": 2.6668306986490884,
    "64": 13.234858830769857,
    "128": 107.00401095549266
  },
  "by_jmax": {
    "2": 8.16125096877416,
    "3": 53.66138825813929
  }
}